{"train_loss": 0.5743523836135864, "epoch": 1, "trainer/global_step": 499, "_timestamp": 1684007406.4913087, "_runtime": 834.9015507698059, "_step": 9, "_wandb": {"runtime": 893}}